## source: derived from David S. Jacks,
## http://www.sfu.ca/~djacks/data/boombust/index.html
Beef,Hides,Lamb,Pork,Coal,Natural gas,Petroleum,Barley,Corn,Rice,Rye,Wheat,Aluminum,Chromium,Copper,Lead,Manganese,Nickel,Steel,Tin,Zinc,Bauxite,Iron ore,Phosphate,Potash,Sulfur,Gold,Platinum,Silver,Cocoa,Coffee,Cotton,Cottonseed,Palm oil,Peanuts,Rubber,Sugar,Tea,Tobacco,Wool
1900,100,100,100,100,100,100,100,100,100,100,100,100,100,100,100,100,100,100,100,100,100,100,100,100,100,100,100,100,100,100,100,100,100,100,100,100,100,100,100,100
1901,98.79,95.25,90.41,115.35,99.74,79.03,88.37,110.19,129.32,88.79,108.45,100.45,99.69,104.08,98.3,97.89,111.7,111.36,88.36,82.25,91.5,94.83,70.62,98.51,108.56,51.98,98.79,112.21,85.07,92.91,77.71,99.37,98.79,93.6,92.41,86.99,79.94,94.48,100.3,82.93
1902,97.6,94.59,90.98,133.95,105.11,78.33,89.28,108.63,152.91,84.86,97.41,102.87,98.5,81.92,66.49,90.9,111.43,88.02,95.78,87.45,108.83,88.49,75.59,85.64,82.45,44.94,97.6,127.79,73.35,92.37,68.64,101.39,106.35,97.6,107.05,83.36,63.11,98.91,104.65,88.91
1903,90.87,88.12,93.81,113.47,113.78,76.66,112.12,104.81,114.99,104.92,101.9,106.48,96.3,71.57,78.04,92.59,178.93,76.52,92.46,89.66,122.79,83.72,76.34,89.32,87.29,46,95.43,122.7,82.47,90.89,65.98,120.87,109.25,97.1,110.82,103.9,66.09,73.65,108.17,93.71
1904,94.32,95.05,94.32,95.96,99.76,74.38,113.5,95.48,124.54,86.48,130.28,137.84,100.96,77.48,74.69,93.03,97.74,75.63,77.92,88.3,110.51,79.23,62.21,92.22,103.94,98.88,94.32,113.96,89.08,92.08,90.31,114.75,98.23,94.32,139.96,115.22,86.99,87.36,103.61,99.37
1905,95.1,119.72,95.43,98.74,97.26,66.8,97.69,92.38,125.36,98.43,114.86,135.88,102.14,73.27,91.89,102.85,117.23,76.52,87.72,100.1,129.05,99.5,71.06,92.24,110.68,140.25,95.43,128.22,96.46,91.45,96.11,108.18,99.38,93.76,123.13,124.61,94.08,85.82,100.86,122.7
1906,93.35,132.64,94.93,115.55,99.63,60.15,110.29,95.87,112.92,113.18,109,104.52,102.2,68.34,111.16,120.91,194.25,74.85,87.55,124.34,132.09,86.88,83.02,107.13,93.49,142.95,93.35,148.85,100.26,91.68,91.28,116.7,115.24,103.15,117.44,126.72,69.93,73.62,103.56,118.35
1907,87.22,100.18,90.87,106.99,97.94,63.23,114.6,145.99,123.14,116.29,129.48,115.25,122.96,59.04,110.38,108.78,178.88,80.58,88.8,114.08,124.06,87.21,96.2,116.98,122.13,187.34,89.35,187.18,76.11,106.37,71.07,113.18,115.85,106.61,126.82,111.94,70.41,68.96,102.65,111.68
1908,91.26,96.48,89.71,103.84,98.28,66.59,120.13,126.91,163.01,123.22,132.6,126.03,80.09,65.18,74.46,87.7,104.66,82.3,83.89,89.92,99.14,97.1,87.37,121.51,75.84,151.94,91.26,128.21,69.57,75.51,70.12,110.54,107.62,91.26,108.92,92.32,82.55,65.23,111.02,97.78
1909,92.29,131.09,81.34,137.1,94.95,64.47,113.53,126.76,160.76,98.06,132.26,157.44,62.09,62.63,73.99,90.18,113.61,74,75.09,91.75,116.55,108.78,83.65,118.77,101.56,172.63,92.29,133.67,75.34,65.37,88.71,127.71,154.67,97.14,122.06,134.35,82.18,72.16,116.73,115.35
1910,88.08,110.39,86.88,155.89,95.18,65.75,87.86,131.81,134.99,93.75,127.9,137.28,60.27,55.24,69.55,90,114.66,70.87,78.5,100.86,113.63,97.34,92.52,101.19,78.29,160.78,88.38,153.23,75.42,58.92,104.5,144.36,159.09,113.18,114.04,156.93,84.95,71.18,109.85,102.6
1911,87.78,114.24,82.39,116.19,94.33,68.91,84.97,179.15,136.44,122.69,142.19,123.03,54.33,55.24,67.58,89.39,112.07,70.87,69.17,124.99,119.05,88.15,74.47,96.02,86.23,160.78,88.38,202.06,75.83,62.08,144.67,125.73,104.84,111.64,119.74,126.58,94.32,71.78,113.14,89.97
1912,86.3,136.84,86.6,129.43,95.75,69.85,101.53,108.3,156.71,138.68,109.41,128.12,58.26,46.39,87.4,88.58,92.86,69.43,67.23,133.53,141.09,82.67,71.86,94.8,83.96,152.19,86.6,209.15,85.53,64.44,153.75,111.62,109.89,104.83,122.91,120.16,79.86,71.2,114.64,98.97
1913,83.34,140.24,89.1,138.22,96.21,68.38,145.43,109.38,138.3,106.32,100.53,113.95,61.19,45.42,79.97,84.79,102.75,71.38,72.68,125.5,111.98,89.09,76.49,89.51,78.85,150.76,84.79,201.75,76.42,70.16,112.69,120.13,128.65,110.07,123.08,95.71,58.42,70.57,115.96,84.79
1914,80.85,155,91.12,136.72,94.5,71.14,114.66,110.63,153.37,99.26,136.15,120.73,47.78,42,70.56,74.2,99.45,69.04,60,96.38,101.47,85.57,62.91,82.13,80.94,154.54,84,201.06,65.21,62,82.58,103.14,89.8,119.39,113.81,71.11,78.36,69.91,117.27,88.5
1915,171.99,183.81,106.41,115.94,90.81,71.57,94.22,106.78,159.21,100.02,139.45,154.88,87.15,49.25,89.2,89.31,105.89,68.68,68,107.88,272.9,109.65,65.08,68.67,116.26,142.58,83.57,208.85,72.35,83.08,75.93,97.05,173.49,124.63,110.53,71.66,97.75,67.31,122.16,105.96
1916,171.55,182.34,101.15,144.92,97.1,65.02,174.22,151.13,165.88,84.51,171.03,149.13,142.01,60.11,128.53,120.1,164.19,64.4,117.84,111.27,239.66,58.14,78.13,63.51,583.38,123.44,76.5,338.29,89.49,64.66,86.83,133.06,240.59,163.77,118.46,77.73,118.13,61.61,116.68,114.77
1917,141.73,179.92,92.64,197.3,137.98,60.49,209.02,191.89,274.22,60.53,219.25,212.64,99.42,66.9,106.59,127.71,127.97,53.45,137.64,131.25,133.6,62.82,84.3,53.24,452.29,137.69,63.49,346.16,88.09,42.33,71.14,172.51,281.57,199.37,143.37,62.68,103.65,65.2,134.49,178.04
1918,162.15,117.6,99.87,187.82,134.09,61.57,215.3,126.29,226.33,58.67,160.75,169.89,55.54,113.89,82.23,91.65,171.13,44.42,97.02,160.44,102.61,57.51,79.58,49.68,376.79,120.54,54.05,303.63,85,41.51,64.14,182,243.04,154.55,113.33,41.85,80.98,64.93,190.06,175.68
1919,175.04,178.25,104.3,167.81,112.65,54.16,196.27,143.35,197.93,54.87,136.18,167.82,46.19,60.5,54.32,62.02,163.6,37.73,71.02,99.67,79.44,74.66,64.07,67.89,162.57,72.05,47.05,285.9,97.01,52.09,102.15,175.94,213.52,148.6,142.67,32.63,84.13,54.25,184.5,149.57
1920,97.73,113.71,69.69,108.92,146.46,52.29,253.39,84.73,152.78,55.73,118.37,146.81,38.01,29.74,43.8,73.99,100.2,34.19,75.43,65.58,75.26,62.5,71.56,69.13,118.7,81.4,40.62,238.83,41.06,32.88,59.29,119.61,71.71,89.79,61.58,30.01,171.52,37.52,245.67,116.07
1921,84.43,49.51,59.01,71.83,126.37,62.97,129.88,53.52,69.38,71.43,75.7,95.4,29.48,20.3,35.11,47.24,36.4,38.28,53.38,45.51,53.51,71.3,58.05,75.24,90.67,81.79,45.47,180.91,46.53,21.11,39.8,87.93,91.26,55.85,55.74,12.84,49.81,36.48,209.16,69.04
1922,53.51,70.47,33.22,84.62,140.95,74.06,146.29,59.51,78.54,84.33,60.75,93.54,27.76,22.54,40.11,63.64,68.45,36.98,51.25,52.84,67.75,50.61,68.57,58.68,46.84,80.32,48.54,251.22,48.16,26.58,60.93,118.39,101.76,63.01,84.55,14.53,48.02,54.56,189.91,108.35
1923,56.96,59.09,51.4,68.11,122.88,66.14,133.33,63.97,101.93,78.65,55.21,78.94,37.04,23.84,42.47,79.33,86.85,34.42,69.01,68.05,76.5,62.44,69.8,51.14,46.45,77.43,47.69,294.64,47.83,21.57,66.67,148.11,135.49,63.57,98.45,24.33,84.76,68.57,176.24,120.08
1924,57.03,56.02,64.34,77.14,100.7,59.42,139.17,86.78,119.28,85.39,89.79,98.46,39.31,24.65,38.28,88.23,73.51,28.6,65.05,79.9,73.09,56.23,57.33,47.34,43.69,78.28,47.6,299.88,50.83,21.54,97.48,143.62,109.32,68.49,89.06,21.41,64.25,69.97,163.85,119.87
1925,70.21,65.01,73.54,105.79,91.08,57.97,158.37,70.05,125.19,83.95,71.83,116.61,38.62,21.56,40.27,95.84,80.78,30.73,58.84,89.92,84.79,53.37,50.78,42.94,43.11,70.63,46.43,293.2,49.59,26.26,114.95,113.26,101.2,75.75,64.41,58.09,36.75,67.84,175.27,115.26
1926,66.24,57.59,48.22,104.77,91.09,63.79,177.66,65.42,89.88,89.41,75.73,105.19,37.97,20.53,39.2,88.61,77.42,33.2,56.84,100.42,81.2,50.89,49.32,43.43,51.66,81.3,45.99,266.95,38.18,31.48,101.73,87.13,69.78,69.39,74.18,39.19,36.08,72.48,151.95,95.26
1927,60.94,83.97,51.42,88.27,89.67,58.5,115.31,79.33,105.67,84.39,77.08,92.54,36.4,20.92,37.4,72.49,70.4,32.89,53.56,100.86,67.19,54.24,49.85,46.34,55.78,84.28,46.86,195.02,42.16,44.07,103.33,88.79,112.47,65.78,78.61,30.59,43.72,72.75,148.69,92.06
1928,76.22,102.97,63.99,85.84,84.99,59.32,113.14,66.32,121.27,77.42,77.4,107.85,34.73,21.21,42.33,68.51,76.18,35.25,55.19,80.16,65.69,54.62,49.54,46.99,52.15,82.05,47.52,191.59,42.31,36.2,133.3,101.39,112.08,67.54,75.11,18.32,36.6,64.91,147.03,98.43
1929,80.77,71.21,58.76,91.53,81.33,52.73,117.14,62.93,115.95,77.27,81.28,89.06,34.73,22.91,53.15,74.27,78.88,33.35,56.67,71.78,70.68,57.53,53.59,47.39,55.62,82.54,47.52,160.91,35.79,29.42,129.41,91.09,101.26,68.37,56.72,16.8,28.88,63.23,144.43,83.16
1930,74.86,108.28,53.96,85.39,79.68,54.09,104.63,48.5,104.43,62.44,43.2,67.95,35.48,29.59,39.08,61.57,69.32,34.21,52.38,51.67,50.92,62.26,51.23,48.47,56.31,83.66,48.74,109.72,24.82,23.79,77.27,68.8,74.29,55.6,55.03,8.62,21.18,60.55,143.45,66.16
1931,136.81,43.46,99.27,59.56,79.14,51.89,60.42,43.07,72.26,38.41,36.38,51.45,38.08,43.9,26.8,51.86,60.23,37.51,54.11,43.74,44.57,68.41,53.67,54.49,63.05,89.54,53.45,93.47,25.07,16.54,56.52,46.02,33.17,45,27.59,5.65,20.96,49.7,134.73,60.13
1932,110.84,32.08,84.91,40.76,75.06,49.59,92.8,32.36,47.5,37.66,33.3,47.71,42.46,56.4,20.46,43.36,90.44,41.82,58.48,43.89,39.37,79.29,35.75,55.77,64.67,102.89,65.62,107.6,23.36,15.61,77.48,43.39,42.33,39.74,28.83,3.53,14.95,33.01,115.27,50.03
1933,109.11,56.55,101.77,44.93,80.93,52.27,74.11,66.98,65.41,33.74,78.6,69.63,44.75,44.86,27.23,55.62,104.62,44.08,63.98,82.16,58.04,99.15,94.08,55.29,58.03,107.16,102.48,101.56,42.36,16.45,70.12,62.81,55.88,41.89,56.73,6.4,21.53,52.33,141.7,75.14
1934,85.27,51.01,103.7,55.36,102.29,50.59,109.66,102.46,103.13,42.48,87.37,83.73,40.16,42.34,31.65,53.84,76.09,42.66,68.34,106.12,57.96,115.1,68.29,59.94,51.45,99.97,102.94,113.23,51.03,18.81,82.2,78.36,138.35,57.6,64.71,13.58,25.56,68.48,209.51,89.02
1935,88.42,56.77,166.19,106.36,100.9,49.34,106.94,55.21,125.93,54.12,47.1,86.05,37.17,47.64,31.68,55.08,79.31,41.61,66.28,99.98,58.84,112.72,67.11,60.77,37.36,95.66,100.39,101,53.43,17.64,63.86,79.07,124.71,80.07,59.29,12.61,33.1,63.01,240.91,79.4
1936,90.2,64.46,188.89,110.22,99.39,48.88,116.53,112.84,128.33,52.63,95.19,94.99,36.82,47.19,34.35,63.3,69.02,41.22,70.04,91.23,65.99,113.08,65.98,55.62,43.71,95.97,99.45,127.85,41.15,23.77,67.5,79.3,134.88,80.35,70.1,16.68,35.9,64.28,228.37,96.5
1937,124.2,80.89,201.02,111.57,105.74,39.31,124.74,75.49,152.62,53.85,77.62,98.69,34.84,43.53,46.11,77.96,67.09,39.78,84.5,103.03,84.69,105.81,68.02,51.79,42.71,94.38,95.98,149.42,38.32,28.34,75.89,67.4,76.23,85.52,60.34,18.86,35.25,71.6,209.87,103.25
1938,111.99,57.55,177.05,89.14,108.32,40.07,121.92,52.24,83.08,50.36,44.74,65.59,35.33,44.36,35.68,62.66,88.31,40.55,84.32,81.74,61.07,117.24,62.93,55.68,45.64,86.09,97.82,105.71,38.16,17.88,54.06,55.87,86.86,68.93,61.5,14.52,29.6,68.37,218.7,72.21
1939,108.61,67.9,147.23,73.3,103.68,40.64,107.82,58.32,76.54,49.43,51.35,64.22,35.84,42.91,39.67,67.72,89.49,41.13,79.72,98.63,68.75,111.27,74.56,53.38,38.36,85.53,98.03,109.54,31.65,16.74,52.68,60.57,85.28,71.97,64.27,17.67,31.27,60.29,159.4,86.86
1940,135.64,70.55,148.88,63.05,106.55,40.24,106.75,56.59,95.61,58.83,48.64,79.24,33.18,43.51,40.49,68.77,79.1,40.72,77.48,96.7,84.32,103.97,62.22,49.78,30.11,85.27,96.72,112.62,31.16,17.61,50.7,66.73,86.83,73.28,61.76,19.93,27.88,60.97,135.97,99.47
1941,150.7,78.31,146.27,88.7,116.37,38.33,112.47,71.83,103.93,62.65,59.78,80.8,27.88,40.46,40.28,73.22,81.76,38.78,73.8,96.15,95.02,96.97,62.32,51.26,33.14,82.92,94.3,102.55,29.93,25,76.14,88.11,181.41,94.05,83.78,21.09,33,74.31,157.8,107.57
1942,175.72,74.12,136.94,99.28,113.32,34.63,105.39,77.55,110.05,62.18,60.11,90.31,22.91,49.94,36.33,74.05,74.51,32.01,66.69,86.86,94.46,88.16,55.46,49.66,25.54,73.39,86.88,93.07,34.53,26.46,81.41,102.93,157.05,104.25,98.27,19.4,44.64,87.52,165.55,106.14
1943,175.52,69.84,138.22,77.73,121.7,32.63,99.3,114.57,129.36,61.22,92.23,102.59,21.58,54.61,34.23,69.99,72.49,30.16,62.83,81.84,89,86.7,52.46,48.49,23.85,68.18,82.47,87.37,32.53,24.93,76.7,101.44,169.06,70.99,107.76,18.28,40.57,74.16,235.16,99.16
1944,169.53,68.65,138.8,66.31,129.86,32.08,97.61,114.77,136.55,60.18,100.62,109.25,21.22,57.81,33.65,68.8,87.25,29.64,61.76,80.44,87.48,83.25,52.94,49.99,25.98,71.3,82.56,85.83,31.98,24.5,75.4,103.31,168.09,69.78,119.35,17.96,40.37,71.2,278.61,98.3
1945,165.92,67.12,131.08,68.03,133.06,31.36,95.44,112.22,138.91,58.84,122.76,110.51,20.74,56.53,32.9,67.27,96.21,28.98,62.08,78.66,85.54,84.66,52.34,51.9,25.33,72.5,83.64,83.92,49.41,23.96,74.77,113.07,159.37,68.23,121.08,17.57,46.98,69.62,265.69,95.3
1946,176.02,73.01,131.03,59.85,137.79,28.89,104.82,141.25,160.6,62.52,161.31,116.14,17.84,38.68,35.56,77.31,88.39,29.24,63.91,76,83.36,76.54,53.36,52.45,21.37,65.08,77.97,128.15,55.74,28.51,94.57,133.56,206.85,62.85,122.29,16.18,52.26,60.76,262.35,76.63
1947,148.73,100.5,108.73,54.45,145.75,30.32,126.19,154.88,201.34,87.56,165.82,138.66,15.6,41.64,47.17,122.32,80.8,25.57,61.56,95,87.72,62.38,53.34,52.47,17.25,59.92,75.1,116.85,41.95,75.69,114.73,133.01,215.86,113.77,118.71,13.19,61.8,73.63,230.5,80.81
1948,114.1,90.31,73.2,49.24,162.19,32.82,156.71,96.35,180.06,86.09,96.49,120.07,16.23,45.88,46.02,139.55,77.96,24.4,64.88,112.22,107.44,56.43,55.81,54.9,15.85,56.63,68.82,157.01,36.52,79.88,111.11,117.21,156.66,129.28,114.5,12.84,50.53,72.66,201.34,99.37
1949,91.32,81.07,65.06,57.74,160.15,28.4,158.22,88.89,120.03,75.06,81.75,104.1,17.74,46.32,40.48,119.97,85.62,27.37,71.02,113.41,95.09,54.43,64.77,54.38,16.26,57.18,65.84,135.02,38.61,43.88,136.53,114.34,102.15,96.4,114.5,10.35,50.17,78.14,201.57,101.42
1950,62.42,92.9,33.79,52.34,157.32,32.82,156.71,98.84,134.58,62.7,88.39,106.4,18.3,44.67,44.35,102.88,103.03,30.49,72.86,108.02,107.57,55.44,70.77,54.24,21.46,61.84,67.34,139.08,41.73,64.59,209.55,134.66,201.89,86.58,118.86,23.99,59.48,68.94,207.26,120.26
1951,57.64,102.32,36.53,44.23,148.22,30.42,145.25,97,148.93,61.39,95.06,108.53,18.21,44.76,46.83,125.47,99.26,33.9,72,133.18,129.3,51.89,72,52.02,19.7,63.11,60.39,152,42.55,66.21,206.46,138.92,149.74,126.97,105.11,31.96,62.77,80.19,227.07,151.35
1952,59.96,52.26,34.54,39.22,144.45,34.02,142.13,103.2,143.03,65.02,105.26,101.8,18.19,51.46,45.83,115.55,111.75,35.12,71.98,123.54,113.97,53.39,81.02,51.41,20.11,62.07,56.62,153.74,39.41,64.6,200.97,120.78,147.16,74.23,107.8,20.42,45.18,65.44,221.93,90.51
1953,66.88,51.29,45.37,53.02,143.95,37.99,149.07,87.48,127.53,72.13,78.35,88.89,19.45,59.77,54.13,93.94,126.91,36.52,76.55,97.55,75.64,53.8,88.18,51.88,20.1,76,52.43,148.28,40.06,67.2,216.1,109.06,110.6,65.14,108.96,12.73,36.67,77.73,232.32,94.01
1954,64.18,41.18,37.38,52.53,131.66,42,154.04,81.1,126.38,64.88,73.14,91.95,20.19,45.96,55.53,97.36,116.27,37.17,79.37,93.02,74.24,54.83,87.11,52.72,19.27,75.32,51.62,138.33,39.86,104.19,287.47,107.69,125.93,66.41,119.18,12.36,34.88,111.71,235.57,92.27
1955,76.04,39.59,46.43,41.64,131.27,42.16,154.62,68.71,111.44,58.36,64.31,91,22.03,46.68,70.38,105.31,107.5,40.34,84.39,96.32,85.79,59.9,93.26,53.26,19.57,79.66,51.69,137.08,42.45,67.85,208.42,108.25,93.49,69.32,114.72,20.54,34.8,106.36,232.99,77.14
1956,129.4,45.31,85.71,38.37,138.52,45.69,152.34,72.85,114.32,55.63,69.34,95.22,21.98,51.34,77.36,109.72,123.74,38.93,89.47,101.59,92.66,61.57,97.87,52.72,18.78,74.18,50.96,163.98,42.24,48.67,212.53,103.33,110.29,78.8,108.2,17.67,36.83,101.35,227.53,73.33
1957,110.14,42.92,79.58,50.51,140.95,44.12,159.83,63.02,96.02,53.58,62.34,91.11,22.46,57.83,52.83,97.01,151.49,42.85,94.29,93.1,67.57,65.08,99.67,50.58,17.25,65.08,49.31,138.74,40.07,52.67,198.39,97.2,101.91,77.12,97.01,15.55,52.72,89.76,240.25,83.3
1958,114.7,43.13,77.46,56.57,131.26,46.85,155.27,62.24,92.08,55.1,57.3,81.84,21.35,56.29,44.78,78,131.87,41.71,93.53,89.56,53.18,65.45,99.05,49.39,15.77,67.69,48,99.51,38.66,74.22,164.89,95.87,85.02,71.11,96.24,13.64,34.81,90.47,236.44,59.56
1959,259.81,66.3,125.53,41.16,128.05,50.34,149.67,58.98,89.13,49.81,55.72,77.56,21.09,67.29,53.76,78,123.01,41.36,98.48,95.28,65.92,66.18,100.73,48.21,16.02,66.27,47.6,110.4,39.37,60.82,125.58,92.12,74.7,71.5,86.45,17.61,29.3,89.02,236.45,60.62
1960,270.78,49.21,172.21,47.4,123.95,53.37,147.23,56.72,82.65,46.28,48.38,77.22,21.85,42.2,54.4,75.15,112.75,40.72,96.95,93.24,70.36,64.42,97.65,51.37,15.35,64.4,47.4,121.24,38.76,46.46,122.79,86.73,114.85,68.46,88.65,18.1,30.49,88.6,238.73,57.18
1961,248.2,52.78,139.43,51.05,119.84,56.6,145.75,57.81,80.47,50.2,54.85,80.9,21.22,34.01,50.28,67.67,121.27,42.54,95.98,103.11,60.71,68.92,105.7,50.85,16.11,63.75,46.57,120.45,43.37,37.37,117.88,88.18,95.88,68.98,95.66,13.81,27.1,81.08,212.71,57.52
1962,256.99,53.51,130.83,49.7,115.92,59.7,144.11,62.54,79.58,55.51,50.85,79.72,19.66,60.05,50.84,59.28,102.15,43.04,94.9,103.15,52.17,81.78,100.96,44.48,17.07,59.44,46.03,119.09,49.77,35.36,108.36,84.22,88.86,64.57,95.45,12.8,27.81,81.95,189.02,59.91
1963,236.98,39.05,156.84,40.9,112.01,59,142.42,65.28,87.26,51.44,57.31,76.05,18.37,55.07,50.24,67.77,86.11,42.05,94.78,103.72,58.56,86.49,104.3,43.95,16.95,53.55,45.35,114.07,53.04,42.14,103.64,82.75,92.95,65.63,96.05,11.7,81.63,79.32,178.65,62.96
1964,295.1,35.39,171.5,39.99,112.04,54.58,139.35,67.55,85.89,48.85,54.46,63.92,19.01,58.09,51.78,81.64,89.32,41.5,96.62,138.28,88.76,87.44,105.6,47.15,16.49,53.38,44.85,123.06,52.34,38.08,128.16,82.26,85.21,69.73,94.78,10.86,55.53,76.14,195.27,65.45
1965,304.2,48.27,129.22,53.31,109.91,57.24,135.85,64.3,87.57,47.47,50.3,58.13,19.32,59.87,55.79,94.44,85.64,40.8,95,153.73,83.77,77.72,101.52,51.92,16.76,58.58,44.16,134.07,51.46,27.04,124.83,79.33,83.07,78.03,94.85,10.99,19.11,80.78,163.24,57.53
1966,342.97,58.06,128.03,53.8,109.5,55.65,133.03,66.54,89.85,56.12,53.06,61.74,18.79,54.18,56.02,86.77,87.28,39.67,91.74,137.62,73.35,76.23,101.38,46.87,15.76,65.21,42.91,132.42,50.04,37.26,112.68,75.3,113.97,65.6,91.41,9.98,16.73,68.65,198.32,60.41
1967,339.45,38.19,133,45.95,108.29,54.09,133.42,65.52,82.05,72.76,52.05,52.22,18.63,57.45,57.55,78.08,83.31,42.98,89.61,125.07,68.96,83.84,99.97,42.05,12.65,80.4,44.85,142.46,77.48,41.84,101.9,79.5,92.78,60.45,89.62,8.03,17.18,63.81,158.39,52.88
1968,339.58,34.41,145.32,45.82,105.28,51.91,129.53,60.28,69.56,64.67,46.69,44.18,18.31,57.64,60.46,70.71,71.88,44.44,89.2,115.91,63.95,78.59,97.35,38.67,9.97,93.76,49.33,145.1,70.71,48.39,98.12,77.2,81.46,43.84,89.79,7.55,16.44,54.84,140.91,50.42
1969,363.14,42.39,144.85,57.34,106.71,52.34,127.43,58.12,71.4,55.5,44.75,43.55,18.46,54.7,65.17,75.69,61.89,46.82,90.45,122.14,66.12,77.19,96.35,35.9,8.01,60.69,42.87,146.14,61.9,57.19,94.16,67.11,62.92,44.63,88.08,9.41,26.26,50.48,123.5,48.4
1970,365.68,35.38,144.7,55.51,126.44,49.42,121.98,56.57,75.97,40.49,41.41,46.72,18.39,47.9,74.69,74.91,61.14,54.11,90.86,122.12,64.47,68.13,92.75,33.15,11.23,49.11,40.74,147.23,52.88,40.6,116.27,68.34,81.66,60.5,86.54,7.2,28.88,54.79,112.79,38.32
1971,361.78,38.04,133.38,44.29,137.2,50.17,123.6,58.4,71.67,35.38,36.06,45.53,17.82,67.46,63.83,63.46,63.24,53.52,98.47,112.47,64.77,65.69,93.2,32.5,12.11,35.52,50.01,131.09,43.23,31.03,96.43,75.88,78.71,58.21,88.15,5.64,33.37,53.52,104.79,23.83
1972,385.17,75.34,173.08,62.51,144.91,51.26,121.1,59.89,66.88,39.39,37.31,51.04,15.7,68.42,60.81,66.9,72.97,54.64,86.14,115.46,76.44,67.43,100.15,32.16,11.66,33.58,79.94,131.1,59.31,35.95,104.42,77.56,66.4,46.91,90.35,5.45,52.24,47.64,104.45,40.19
1973,492.63,82.2,212.22,89.64,152.74,55.88,148.98,95.7,106.17,73.37,69.81,105.77,14,69,66.59,68.26,77.02,56.1,95.32,139.36,160.21,61.04,99.75,36.2,11.12,33.12,120.76,147.76,88.65,59.44,121.69,122.78,118.97,76.75,95.7,10.48,64.01,45.2,103.32,81.76
1974,349.28,50.96,195.7,69.87,252.99,68.66,365.39,109.73,142.43,120.71,82.67,109.44,17.21,94.59,78.12,85.07,113.86,57.6,110.49,218.71,212.36,110.45,108.84,129.35,14.34,48.16,135.43,161.83,111.82,73.93,115.89,116.06,143.85,122.56,95.28,10.47,181.07,56.51,122.32,51.86
1975,268.42,46.05,186.11,88.81,286.52,92.27,345.62,91.32,112.7,74.17,71.22,74.8,18.4,158.48,59.34,74.49,137.87,62.67,107.33,171.85,117.25,81.84,124.81,146,17.98,69.77,95.84,136.17,95.31,54.07,105.49,89.15,90.67,72.87,95.59,7.16,114.29,54.07,139.29,40.55
1976,302.36,62.8,186.52,73.19,275.3,115.01,343.44,81.68,100.04,49.07,70.48,62.9,19.41,128.41,60.77,75.57,151.98,64.46,100.51,181.62,105.92,90.73,137.48,73.65,18.05,67.14,94.56,127.64,95.9,83.94,217.65,120.45,85.73,64.52,92.23,9.34,61.05,53.14,156.35,46.49
1977,270.66,64.94,190.28,65.8,264.81,147.16,347.86,65.86,77.88,49.42,55.22,49.44,21.07,119.43,54.59,94.35,155.66,61.05,105.77,240.15,82.34,90.61,142.87,59.22,16.74,61.28,113.8,119.42,97.53,146.09,335.87,105.46,56.67,79.02,90.98,9.24,40.27,82.19,151.4,43.96
1978,357.02,77.65,228.14,71.84,270.59,157.54,322.8,70.25,76.34,62.13,49.57,57.22,20.27,102.52,50.5,96.11,155.12,51.06,108.61,262.83,77.03,87.53,147.11,52.04,16.43,57.98,147.9,156.88,114.22,121.9,216.79,96.69,84.55,83.18,84.95,10.39,36.04,55.08,141.58,42.35
1979,432.76,107.35,221.56,55.5,293.35,183.59,433.67,74.95,77.95,50.66,46.12,64.59,20.38,117.38,63.92,135.14,154.16,59.75,97.61,267.21,86.42,76.27,147.01,53.22,17.76,64.33,290.25,209.24,377.23,106,207.65,92.34,77.85,81.41,74.54,11.95,40.03,52.87,131.53,43.67
1980,364.83,59.37,237.03,47.69,276.01,217.92,602.33,79.16,79.68,57.89,52.07,60.26,20.97,112.57,62.48,95.94,150.9,55.96,99.42,279.6,78.2,66.66,145.06,66.36,19.4,90.48,248.41,229.87,249.97,73.83,165.71,98.23,70.36,64.02,80,11.88,104.59,51.34,112.47,40.06
1981,296.32,48.87,204.25,51.71,270.12,245.86,587.85,73.09,72.11,58.39,53.6,47.57,20.81,113.18,46.31,74.85,139.43,48.58,94.25,216.33,78.74,67.56,142.85,63.71,21.26,102.12,162.37,225.45,116.49,53.43,124.24,80.76,45.53,56.71,73.7,8.49,56.12,41.21,103.95,33.05
1982,269.66,42.57,167.04,71.46,259.7,287.83,505.21,55.04,52.57,33.43,40.41,38.78,19.6,102.13,37.97,46.09,161.76,36.88,90.27,184.46,65.34,73.33,138.91,51.39,18.74,93.63,175.68,212.44,137.8,42.02,126.01,64.96,40.88,41.68,45.7,6.11,26.24,40.76,108.17,27.27
1983,266.76,48.27,131.48,55.92,243.48,293.6,446.28,59.33,67.2,30.56,35.4,40.48,19.42,94.72,39.29,37.97,128.15,34.7,102.79,176.23,64.97,62.55,161.02,43.38,16.79,73.24,151.89,205.83,115.04,49.72,115.12,73.05,79.22,45.49,51.66,7.34,25.57,53.66,108.59,24.69
1984,238.24,60.35,125.39,52.13,229.8,289.06,413.76,63.16,62.82,26.7,27.99,39.12,19.42,101.29,32.31,42.9,136.42,33.97,107.44,163.46,75.11,62.26,133.02,43.08,16.1,75.93,121.66,197.31,80.93,53.87,120.87,67.42,47.35,63.39,42.91,6.33,15.05,67.25,109.18,23.32
1985,218.01,50.66,116.26,50.02,222.98,263.38,379.91,45.57,49.4,22.22,30.65,34.29,18.75,103.07,30.64,30.92,128.54,34.25,113.24,149.81,61.63,58.5,124.26,36.89,14.62,82.41,125.48,119.63,68.74,48.95,118.25,48.09,28.29,42.04,33.47,4.85,11.34,41.44,98.82,21.51
1986,207.87,62.16,133.23,53.97,205.12,199.85,193.75,36.17,37.02,19.63,22.09,30.69,20.92,90.19,29.63,32.25,120.09,26.2,111.17,90.99,58.24,54.46,108.09,36.55,12.43,80.15,153.22,183.96,61.48,44.12,154.25,37.83,34.66,21.19,48.32,5.06,16.6,38.59,98.78,22.84
1987,228.71,74.87,129.09,49.87,193.43,165.98,246.15,40.36,30.15,20.76,23.31,30.07,16.35,84.19,37.02,45.84,121.76,31.53,76.19,80.56,59.47,44.52,90.25,31.94,13.52,66.13,157.79,211.37,75.08,41.01,86.85,56.95,35.37,27.25,35.59,5.96,17.89,37.05,98.4,27.57
1988,231.7,78.93,138.2,31.38,182.26,161.3,199.03,49.56,42.57,25.77,34.61,34.88,25.59,129.02,51.88,48.37,144.51,86.32,73.72,81.85,88.75,43.85,82.86,35.61,17.18,60.82,129.23,193.54,64.86,31.29,101,46.43,46.11,33.39,42.16,6.88,25.91,34,84.93,30.35
1989,225.61,77.33,126.93,24.69,172.24,153.88,231.93,50.51,41.69,26.58,26.99,36.42,18.67,145.36,54.19,47.34,171.97,79.37,79.92,94.5,127.53,46.91,87.43,38.54,17.19,58.43,121.72,176.96,56.15,23.38,75.82,52.99,46.74,25.54,35.14,5.38,31.03,37.51,104,26.11
1990,213.56,75.17,137.84,36.83,163.59,147.72,278.83,50.98,39.84,22.77,25.98,27.61,14.88,99.2,48.04,54.13,184.92,50.16,79.03,63.93,106.65,45.17,81.89,36.27,12.51,51.27,111.94,155.04,39.1,22.64,59.43,54.63,43.23,20.03,54.05,4.55,28.88,40.12,105.67,20.17
1991,212.94,62.14,116.07,31.29,157.33,135.95,227.77,47.91,37.49,23.71,26.24,26.97,11.34,96.05,40.51,35.74,208.18,44.33,76.47,56.41,76.05,48.45,76.55,36.52,14.83,43.92,101.13,117.96,36.05,20.5,54.17,48.34,25.21,22.49,48.44,4.17,19.79,31.33,104.62,14.81
1992,190.52,57.6,128.16,19.28,148.79,140.03,215.3,46.74,34.85,20.98,27.56,29,10.61,90.96,38.36,33.64,163.84,36.92,62.99,59.71,83.51,44.25,70.61,34.83,15.1,28.68,99.06,111.8,33.22,18.31,39.63,35.76,37.49,25.34,30.36,4.22,19.41,29.14,99.81,14.9
1993,197.26,59,136.44,21.38,141.06,159.4,188.16,41.18,33.72,18.05,28.67,26.09,9.35,69.31,31.23,24.53,147.11,27.09,64.52,49.04,62.08,41.76,61.85,26.73,13.63,18.47,103.5,112.87,43.19,18.06,42.52,34.77,40.11,23.62,40.28,3.95,20.86,28.48,75.94,13.56
1994,171.42,62.4,136.14,18.22,135.07,140.94,172.79,40.86,34.08,19.99,29.6,26.99,11.82,68.07,36.73,32.24,142.73,31.66,64.65,50.62,63.02,37.5,58.9,26.06,13.29,16.99,102.18,118.88,40.42,22.01,87.9,46.68,33.52,32.22,34.34,5.22,24.57,25.66,72.57,16.52
1995,136.26,61.61,116.63,19.73,130.73,114.83,177.53,56.89,38.46,23.15,30.92,33.83,14.06,115.41,45.44,36.12,138.1,39.96,62.87,55.99,63.13,33.47,62.96,26.88,12.36,24.43,100.77,119.76,42.43,21.96,86.12,54.8,35.15,37.25,31.82,7.13,26.21,24.9,70.62,19.99
1996,123.9,59.28,142.4,28.22,125.05,156.16,202.94,63.58,50.7,23.69,38.31,33.22,11.39,86.53,34.5,43.05,145.56,35.37,61.06,53.95,61.35,37.22,63.8,29.09,11.53,18.18,88.38,108.68,37.87,21.67,67.63,44.36,40.04,30.58,32.68,6.1,22.92,26.97,79.28,16.75
1997,125.89,58.57,143.38,21.73,119.67,163.21,186.5,50.5,35.23,20.72,37.96,24.23,11.82,92.38,33.46,33.92,139.01,31.95,62.21,48.31,76.19,33.27,64.53,29.9,11.19,18.82,73.55,106.46,46.53,23.56,102.27,42.73,34.59,30.73,32.82,4.36,21.3,32.71,89.58,16.91
1998,115.29,50.12,114.42,13.4,118.93,135.77,131.52,43.5,28.53,20.6,24.82,18.59,9.88,81.06,23.94,28.29,127.4,21.02,58.16,46.67,58.32,30.23,66.3,30.87,13.23,14.94,70.36,98.71,42.76,24.03,72.03,34.79,39.14,37.2,32.33,3.04,16.46,31.99,83.33,12.65
1999,120.49,46.13,106.24,12.76,111.92,148.42,173.61,38,24.37,16.43,22.14,15.12,9.69,61.86,22.27,26.32,112.83,26.7,49.6,44.54,60.56,28.14,55.72,30.91,12.05,18.98,66.15,98.07,39.34,15.92,54.15,27.59,23.68,23.65,26.7,2.59,11.31,28.14,74.32,10.17
2000,122.18,49.63,103.12,16.48,109.32,241.29,256.03,37.39,22.71,13.01,24.53,14.58,10.67,64.24,24.84,23,118.75,37.13,58.34,43.34,61.31,29.12,51.9,29.73,11.15,12,64.03,136.58,36.11,12.29,43.9,29.68,28.85,16.28,26.12,2.67,14.29,27.77,70.37,10
2001,130.93,50.89,111.5,16.61,111.62,255.01,212.43,44.22,22.54,10.72,26.24,15.61,9.67,70.09,21.02,23.45,104.95,24.86,41.52,34.77,46.88,28.56,47.92,27.6,10.56,4.72,60.46,129.15,31,14.1,30.54,23.45,25.44,14.58,25.07,2.13,14.66,23,69.07,11.5
2002,127.41,48.63,124.52,12.58,115.13,185.15,211.12,50.49,25.02,11.73,29.98,18.51,8.9,63.87,20.45,21.95,91.99,27.85,46.56,30.99,40.53,24.61,49.87,26.27,11.29,5.49,68.01,129.56,32.12,23.09,29.7,22.24,27.89,19.6,22.24,3.05,11.51,21.34,62.11,19.27
2003,117.17,39.55,143.14,13.9,113.24,299.45,245.77,47.45,25.64,11.92,25.87,18.31,9.23,72.85,22.81,24.42,114.38,38.73,59.1,36.53,42.13,23,58.36,24.17,11.18,13.05,78.02,162.43,33.29,22.23,30.3,29.84,33.09,21.77,28.26,3.99,11.59,21.01,58.55,21.95
2004,144.84,37.88,165.1,18,126.11,326.35,319.08,43.68,27.29,14.31,27.7,18.46,10.78,106.19,35.79,40.94,202.74,54.06,90.33,61.88,51.94,25.85,67.48,25.39,11.94,14.44,85.68,193.46,44.36,19.17,36.99,28.38,26.81,22.55,27.47,4.67,11.41,22.74,59.06,17.95
2005,145.92,35.86,154.12,16.59,146.88,423.76,420.32,40.58,21.5,16.21,27.45,16.8,11.53,112.39,44.44,43.61,128.09,55.7,110.12,51.89,66.18,27.45,77.68,25.17,16.94,13.19,89.96,198.53,47.06,18.4,51.06,24.46,25.19,19.53,24.23,5.19,15.22,21.5,58.15,16.65
2006,137.59,36.5,135.76,15.17,152.03,357.88,476.49,48.22,24.05,16.56,26.76,19.52,15.13,101.66,78.66,55.81,139.43,88.83,101.06,59.81,151.68,30.26,92.44,25.66,18.31,13.65,118.25,244.96,71.94,18.45,49.27,24.66,28.51,21.44,23.95,7.05,22.05,23.67,59.96,16.43
2007,136.71,37.08,134.74,14.7,153.39,340.34,507.02,69.3,33.8,17.63,39.26,27.13,15.1,140.91,80.99,108.54,201.66,132.77,90.08,96.27,146.73,32.66,99.23,40.04,17.93,13.27,132.49,271.7,81.08,22,51.74,26.41,36.41,34,32.44,7.6,14.62,25.03,65.09,22.61
2008,158.72,31.66,144.42,14.38,186.06,417.96,672.7,77.64,45.66,35.76,47.69,36.38,14.18,235.62,76.21,84.71,388.41,72.52,139.32,118.05,81.96,26.62,120.18,187.86,30.61,10.26,159.99,315.97,87.45,27.96,56.37,28.69,51.35,39.81,40.42,8.59,17.88,28.65,67.86,20.19
2009,133.82,22.26,135.18,12.45,201.43,193.14,418.18,49.86,35.53,30.21,37.34,24.13,9.21,137.54,56.62,69.91,224.37,50.36,108.16,86.88,72.37,30.15,150.47,66.36,42.56,6.63,179.04,242.52,85.91,31.46,58.21,25.28,35.42,28.76,28.83,6.13,25.43,32.36,80.37,17.46
2010,167.37,35.15,165.27,16.35,230.37,231.97,529.55,60.55,36.34,26.25,37.48,22.93,11.82,176.65,81.51,85.95,241.7,73.98,111.44,128.49,92.75,29.27,160.28,66.03,31.48,26.93,221.83,318.99,116.32,33.57,78.03,41.1,34.4,37.33,31.38,11.33,29.36,33.72,80.9,23.05
2011,195.68,38.83,199.9,18.96,259.3,198.27,614.51,76.78,56.19,26.97,56.05,32.3,12.65,167.95,92.23,93.15,263.19,75.33,119.51,159.42,91.38,31.63,177.69,96.2,40.02,53.67,275.99,330.93,196.12,30.95,104.63,58.08,62.58,45.21,49.43,14.68,34.76,33.09,81.18,32.95
2012,196.47,38.58,179.92,17.27,208.32,130.57,596.34,87.24,61,27.79,54.28,32.33,10.44,171,81.65,78.35,214.56,56.51,111.61,126.27,79.52,27.39,133.36,94.75,41.35,51.16,286.27,292.15,170.43,24.34,70.52,33.63,56.22,39.33,50.48,10.04,28.22,32.17,76.29,32.37
2013,190.35,43.29,164.49,17.78,206.36,167.08,611.15,72.32,55.41,24.48,55.78,30.64,9.4,146.22,74.44,80.18,175.36,47.71,102.96,131.51,76.74,26.28,138.36,74.38,33.65,33.6,238.48,275.85,128.25,24.45,51.98,33.56,61.27,33.23,31.51,8.75,22.83,31.3,80.17,29.67
2014,229.49,50.07,184.54,20.96,185.45,236.18,576.83,50.22,36.75,19.97,53.56,26.37,9.4,156.48,68.35,77.87,168.32,53.22,100.76,128.18,86.16,26.96,98.25,54.94,26.17,41.69,212.4,255.14,102.07,30.47,74.14,30.18,44.18,31.61,29.42,6.1,21.79,29.53,86.6,26.9
2015,203.67,39.45,149.68,13.75,157.77,122.72,299.76,68.49,32.9,17.67,51.52,22.01,8.34,131.54,54.62,65.9,134.05,37.1,94.55,93.37,76.46,23.84,55.61,58.12,26.49,27.41,193.16,192.58,83.28,30.97,58.72,25.84,46.15,23.79,28.12,4.82,17.09,29.17,84.78,23.91